tag,task,score,auroc,aurc
A_mnist_mlp,misclassification,logit_probe,0.831920669215002,0.0035540405993959756
A_mnist_mlp,misclassification,energy,0.9528379907721772,0.0009178650905542831
A_mnist_mlp,misclassification,margin,0.9787513420968632,0.0004595132963938208
A_mnist_mlp,misclassification,max_softmax,0.9791988176357463,0.00045234365880940803
A_mnist_mlp,misclassification,neg_entropy,0.9792868618279953,0.00045097648632732147
A_mnist_mlp,misclassification,argmax_only,0.5,0.01539999999999997
A_mnist_mlp,ood_fashion_mnist,logit_probe,0.950788575,0.02375888019671173
A_mnist_mlp,ood_fashion_mnist,energy,0.8720123,0.053237317397329356
A_mnist_mlp,ood_fashion_mnist,margin,0.89216465,0.04387895579249616
A_mnist_mlp,ood_fashion_mnist,max_softmax,0.8924875999999999,0.05504539845931798
A_mnist_mlp,ood_fashion_mnist,neg_entropy,0.89425935,0.04400732531600332
A_mnist_mlp,ood_fashion_mnist,argmax_only,0.5,0.16666666666666663
A_mnist_mlp,ood_kmnist,logit_probe,0.750867975,0.07755460852690037
A_mnist_mlp,ood_kmnist,energy,0.8616602750000001,0.05015474655043502
A_mnist_mlp,ood_kmnist,margin,0.9053197000000001,0.03635825154013171
A_mnist_mlp,ood_kmnist,max_softmax,0.90576445,0.043291223570272916
A_mnist_mlp,ood_kmnist,neg_entropy,0.9065544,0.036291223877614326
A_mnist_mlp,ood_kmnist,argmax_only,0.5,0.16666666666666663
A_mnist_mlp,ood_gaussian,logit_probe,0.9999993,0.014732152478689042
A_mnist_mlp,ood_gaussian,energy,0.7320262750000001,0.0694064695259267
A_mnist_mlp,ood_gaussian,margin,0.83947595,0.044453863409209204
A_mnist_mlp,ood_gaussian,max_softmax,0.838929925,0.04667308866082799
A_mnist_mlp,ood_gaussian,neg_entropy,0.8406444,0.044197923409157694
A_mnist_mlp,ood_gaussian,argmax_only,0.5,0.16666666666666663
A_mnist_mlp,ood_uniform,logit_probe,0.99997925,0.01473549906702202
A_mnist_mlp,ood_uniform,energy,0.7180191499999999,0.07602323454326948
A_mnist_mlp,ood_uniform,margin,0.8354946000000001,0.04655468839770219
A_mnist_mlp,ood_uniform,max_softmax,0.83392825,0.05047450002421896
A_mnist_mlp,ood_uniform,neg_entropy,0.8359831499999999,0.04645775873771332
A_mnist_mlp,ood_uniform,argmax_only,0.5,0.16666666666666663
B_mnist_mlp_overtrained,misclassification,logit_probe,0.8458897414593618,0.0032157595376609152
B_mnist_mlp_overtrained,misclassification,energy,0.9483581087511801,0.0010706797524123424
B_mnist_mlp_overtrained,misclassification,margin,0.9767220823183514,0.0005366463021027241
B_mnist_mlp_overtrained,misclassification,max_softmax,0.920323388011596,0.0035522096165149413
B_mnist_mlp_overtrained,misclassification,neg_entropy,0.9657564197870661,0.0013128821802290795
B_mnist_mlp_overtrained,misclassification,argmax_only,0.5,0.015800000000000036
B_mnist_mlp_overtrained,ood_fashion_mnist,logit_probe,0.9247006500000001,0.028420358993787607
B_mnist_mlp_overtrained,ood_fashion_mnist,energy,0.9104662,0.03721205377365491
B_mnist_mlp_overtrained,ood_fashion_mnist,margin,0.9261736,0.032152186889453115
B_mnist_mlp_overtrained,ood_fashion_mnist,max_softmax,0.8711865,0.07640341213363705
B_mnist_mlp_overtrained,ood_fashion_mnist,neg_entropy,0.9075549,0.06460302955084819
B_mnist_mlp_overtrained,ood_fashion_mnist,argmax_only,0.5,0.16666666666666663
B_mnist_mlp_overtrained,ood_kmnist,logit_probe,0.80209915,0.06342898586375585
B_mnist_mlp_overtrained,ood_kmnist,energy,0.8885973500000001,0.04267807781657505
B_mnist_mlp_overtrained,ood_kmnist,margin,0.9138077750000001,0.03461625980693127
B_mnist_mlp_overtrained,ood_kmnist,max_softmax,0.81053585,0.07744154320386287
B_mnist_mlp_overtrained,ood_kmnist,neg_entropy,0.8866754,0.05710977612154375
B_mnist_mlp_overtrained,ood_kmnist,argmax_only,0.5,0.16666666666666663
B_mnist_mlp_overtrained,ood_gaussian,logit_probe,0.9900974499999999,0.01634658687931016
B_mnist_mlp_overtrained,ood_gaussian,energy,0.9766604000000001,0.01849952900011392
B_mnist_mlp_overtrained,ood_gaussian,margin,0.9228148,0.028101441546023648
B_mnist_mlp_overtrained,ood_gaussian,max_softmax,0.7199887500000001,0.07610223933210977
B_mnist_mlp_overtrained,ood_gaussian,neg_entropy,0.864036075,0.07165014617693279
B_mnist_mlp_overtrained,ood_gaussian,argmax_only,0.5,0.16666666666666663
B_mnist_mlp_overtrained,ood_uniform,logit_probe,0.9871771249999999,0.0168540541055538
B_mnist_mlp_overtrained,ood_uniform,energy,0.9731067249999998,0.019141004486831013
B_mnist_mlp_overtrained,ood_uniform,margin,0.9194282,0.028988263521252527
B_mnist_mlp_overtrained,ood_uniform,max_softmax,0.73435065,0.07339766131906247
B_mnist_mlp_overtrained,ood_uniform,neg_entropy,0.8560878249999999,0.08253040988515603
B_mnist_mlp_overtrained,ood_uniform,argmax_only,0.5,0.16666666666666663
C_fashion_smallcnn,misclassification,logit_probe,0.7702171580235465,0.02723761440036821
C_fashion_smallcnn,misclassification,energy,0.8629455988936576,0.016084277422933047
C_fashion_smallcnn,misclassification,margin,0.9159079095169955,0.010702515155846746
C_fashion_smallcnn,misclassification,max_softmax,0.9192692828584399,0.010407082596990134
C_fashion_smallcnn,misclassification,neg_entropy,0.9177476302108777,0.010529587256770683
C_fashion_smallcnn,misclassification,argmax_only,0.5,0.0806
C_fashion_smallcnn,ood_mnist,logit_probe,0.99199355,0.01612065576882694
C_fashion_smallcnn,ood_mnist,energy,0.8288485,0.05611841090601096
C_fashion_smallcnn,ood_mnist,margin,0.7099374250000001,0.0782080329536296
C_fashion_smallcnn,ood_mnist,max_softmax,0.715473975,0.07780620898979637
C_fashion_smallcnn,ood_mnist,neg_entropy,0.723274725,0.07665778715530702
C_fashion_smallcnn,ood_mnist,argmax_only,0.5,0.16666666666666663
C_fashion_smallcnn,ood_kmnist,logit_probe,0.985376,0.017246738190465828
C_fashion_smallcnn,ood_kmnist,energy,0.8241609000000001,0.06205477205614397
C_fashion_smallcnn,ood_kmnist,margin,0.741036275,0.07150906692708864
C_fashion_smallcnn,ood_kmnist,max_softmax,0.7481289999999999,0.07110053667908472
C_fashion_smallcnn,ood_kmnist,neg_entropy,0.7553030000000001,0.07009160115476572
C_fashion_smallcnn,ood_kmnist,argmax_only,0.5,0.16666666666666663
C_fashion_smallcnn,ood_gaussian,logit_probe,1.0,0.014732035792846454
C_fashion_smallcnn,ood_gaussian,energy,0.82321925,0.04514687789677931
C_fashion_smallcnn,ood_gaussian,margin,0.77444365,0.05420923764693464
C_fashion_smallcnn,ood_gaussian,max_softmax,0.8217448249999999,0.04526927145988983
C_fashion_smallcnn,ood_gaussian,neg_entropy,0.867345075,0.03745877681761854
C_fashion_smallcnn,ood_gaussian,argmax_only,0.5,0.16666666666666663
C_fashion_smallcnn,ood_uniform,logit_probe,1.0,0.014732035792846454
C_fashion_smallcnn,ood_uniform,energy,0.7871936500000001,0.052323833761619136
C_fashion_smallcnn,ood_uniform,margin,0.76987045,0.05535654450809846
C_fashion_smallcnn,ood_uniform,max_softmax,0.8125388749999999,0.04718269980384943
C_fashion_smallcnn,ood_uniform,neg_entropy,0.8523364499999999,0.0403241697978262
C_fashion_smallcnn,ood_uniform,argmax_only,0.5,0.16666666666666663
D_cifar10_smallcnn,misclassification,logit_probe,0.6554322104833497,0.1446135759855291
D_cifar10_smallcnn,misclassification,energy,0.7463433089774953,0.10594293326942335
D_cifar10_smallcnn,misclassification,margin,0.8177227606160076,0.0786704029765379
D_cifar10_smallcnn,misclassification,max_softmax,0.8302866620993852,0.07521347179506283
D_cifar10_smallcnn,misclassification,neg_entropy,0.8141569319735782,0.07961560520430304
D_cifar10_smallcnn,misclassification,argmax_only,0.5,0.23160000000000003
D_cifar10_smallcnn,ood_svhn,logit_probe,0.9973998749999998,0.015256062243776014
D_cifar10_smallcnn,ood_svhn,energy,0.371562025,0.17821185154673463
D_cifar10_smallcnn,ood_svhn,margin,0.6056324,0.1065705854929772
D_cifar10_smallcnn,ood_svhn,max_softmax,0.5892925499999999,0.10949608295972076
D_cifar10_smallcnn,ood_svhn,neg_entropy,0.57208035,0.11155912353987146
D_cifar10_smallcnn,ood_svhn,argmax_only,0.5,0.16666666666666663
D_cifar10_smallcnn,ood_cifar100,logit_probe,0.6869675000000001,0.09239352203572267
D_cifar10_smallcnn,ood_cifar100,energy,0.7379347,0.07386681911266996
D_cifar10_smallcnn,ood_cifar100,margin,0.6991855,0.08286943266035177
D_cifar10_smallcnn,ood_cifar100,max_softmax,0.733208725,0.07501402772971685
D_cifar10_smallcnn,ood_cifar100,neg_entropy,0.7499437499999999,0.07107117261259055
D_cifar10_smallcnn,ood_cifar100,argmax_only,0.5,0.16666666666666663
D_cifar10_smallcnn,ood_gaussian,logit_probe,1.0,0.014732035792846454
D_cifar10_smallcnn,ood_gaussian,energy,0.09969685,0.32020602784589103
D_cifar10_smallcnn,ood_gaussian,margin,0.540950675,0.1090685130571477
D_cifar10_smallcnn,ood_gaussian,max_softmax,0.476234425,0.126509507978573
D_cifar10_smallcnn,ood_gaussian,neg_entropy,0.44217854999999995,0.13658833922548394
D_cifar10_smallcnn,ood_gaussian,argmax_only,0.5,0.16666666666666663
E_cifar10_resnet18,misclassification,logit_probe,0.7774481460344553,0.048945091950133635
E_cifar10_resnet18,misclassification,energy,0.8659176659081715,0.030084076756941185
E_cifar10_resnet18,misclassification,margin,0.8830516190442408,0.02683886739310805
E_cifar10_resnet18,misclassification,max_softmax,0.8843353396412572,0.026988170900667484
E_cifar10_resnet18,misclassification,neg_entropy,0.8855527223571006,0.026460710628644506
E_cifar10_resnet18,misclassification,argmax_only,0.5,0.13260000000000005
E_cifar10_resnet18,ood_svhn,logit_probe,0.9938888,0.015804808620568885
E_cifar10_resnet18,ood_svhn,energy,0.8280602749999999,0.0465284612103133
E_cifar10_resnet18,ood_svhn,margin,0.81166995,0.05046263558357141
E_cifar10_resnet18,ood_svhn,max_softmax,0.814221,0.05043915206147621
E_cifar10_resnet18,ood_svhn,neg_entropy,0.8164278,0.0494963700471602
E_cifar10_resnet18,ood_svhn,argmax_only,0.5,0.16666666666666663
E_cifar10_resnet18,ood_cifar100,logit_probe,0.7899848999999999,0.05971175164493587
E_cifar10_resnet18,ood_cifar100,energy,0.829894675,0.04978908140155934
E_cifar10_resnet18,ood_cifar100,margin,0.7937810999999999,0.056244161814742955
E_cifar10_resnet18,ood_cifar100,max_softmax,0.7963536250000001,0.061516158347264475
E_cifar10_resnet18,ood_cifar100,neg_entropy,0.80003185,0.05514886858295326
E_cifar10_resnet18,ood_cifar100,argmax_only,0.5,0.16666666666666663
E_cifar10_resnet18,ood_gaussian,logit_probe,0.9997499249999999,0.01477353775073824
E_cifar10_resnet18,ood_gaussian,energy,0.788007675,0.054281634467732556
E_cifar10_resnet18,ood_gaussian,margin,0.8056034,0.0511723717581585
E_cifar10_resnet18,ood_gaussian,max_softmax,0.806900725,0.05124514789615437
E_cifar10_resnet18,ood_gaussian,neg_entropy,0.8077114750000001,0.05069558545869314
E_cifar10_resnet18,ood_gaussian,argmax_only,0.5,0.16666666666666663
F_cifar100_resnet18,misclassification,logit_probe,0.7036980117706699,0.2612734356056196
F_cifar100_resnet18,misclassification,energy,0.8017581185010138,0.1999033223741556
F_cifar100_resnet18,misclassification,margin,0.8171609429949194,0.18183072710471995
F_cifar100_resnet18,misclassification,max_softmax,0.828397458114694,0.1774481159025064
F_cifar100_resnet18,misclassification,neg_entropy,0.834315150535749,0.17537608981085845
F_cifar100_resnet18,misclassification,argmax_only,0.5,0.4131
F_cifar100_resnet18,ood_svhn,logit_probe,0.9988405749999998,0.014928827664517258
F_cifar100_resnet18,ood_svhn,energy,0.6760417000000001,0.08195552655637213
F_cifar100_resnet18,ood_svhn,margin,0.628522175,0.10161986422747779
F_cifar100_resnet18,ood_svhn,max_softmax,0.6449907749999999,0.09697720504575875
F_cifar100_resnet18,ood_svhn,neg_entropy,0.6581911,0.09406070779852588
F_cifar100_resnet18,ood_svhn,argmax_only,0.5,0.16666666666666663
F_cifar100_resnet18,ood_cifar10,logit_probe,0.788136175,0.0598061733862673
F_cifar100_resnet18,ood_cifar10,energy,0.693322825,0.08765025495775182
F_cifar100_resnet18,ood_cifar10,margin,0.66482735,0.09052108631865864
F_cifar100_resnet18,ood_cifar10,max_softmax,0.6769656000000001,0.0881062532436638
F_cifar100_resnet18,ood_cifar10,neg_entropy,0.68730615,0.08592901314048565
F_cifar100_resnet18,ood_cifar10,argmax_only,0.5,0.16666666666666663
F_cifar100_resnet18,ood_gaussian,logit_probe,1.0,0.014732035792846454
F_cifar100_resnet18,ood_gaussian,energy,0.36503969999999997,0.17174498785310682
F_cifar100_resnet18,ood_gaussian,margin,0.5650022,0.11586333246301458
F_cifar100_resnet18,ood_gaussian,max_softmax,0.5627103250000001,0.11484047884800558
F_cifar100_resnet18,ood_gaussian,neg_entropy,0.5611201,0.11465371547049916
F_cifar100_resnet18,ood_gaussian,argmax_only,0.5,0.16666666666666663
G_cifar10_resnet18_ls,misclassification,logit_probe,0.6766610745821722,0.0657511001004249
G_cifar10_resnet18_ls,misclassification,energy,0.8481474416213437,0.03846853739094429
G_cifar10_resnet18_ls,misclassification,margin,0.8613832291582109,0.0347383057787812
G_cifar10_resnet18_ls,misclassification,max_softmax,0.8607742782152231,0.035680197754793246
G_cifar10_resnet18_ls,misclassification,neg_entropy,0.8609392447078136,0.035672512554258025
G_cifar10_resnet18_ls,misclassification,argmax_only,0.5,0.127
G_cifar10_resnet18_ls,ood_svhn,logit_probe,0.9554250249999999,0.022905365019417066
G_cifar10_resnet18_ls,ood_svhn,energy,0.8222440249999999,0.05247898449063672
G_cifar10_resnet18_ls,ood_svhn,margin,0.81741225,0.05586216097098267
G_cifar10_resnet18_ls,ood_svhn,max_softmax,0.81725365,0.05770511011083694
G_cifar10_resnet18_ls,ood_svhn,neg_entropy,0.817224475,0.057699702899860275
G_cifar10_resnet18_ls,ood_svhn,argmax_only,0.5,0.16666666666666663
G_cifar10_resnet18_ls,ood_cifar100,logit_probe,0.64644245,0.10007529683176099
G_cifar10_resnet18_ls,ood_cifar100,energy,0.78792785,0.06832625052894625
G_cifar10_resnet18_ls,ood_cifar100,margin,0.79210455,0.06632303157179514
G_cifar10_resnet18_ls,ood_cifar100,max_softmax,0.7950053,0.06830834729427035
G_cifar10_resnet18_ls,ood_cifar100,neg_entropy,0.7979132249999998,0.06787519793997505
G_cifar10_resnet18_ls,ood_cifar100,argmax_only,0.5,0.16666666666666663
G_cifar10_resnet18_ls,ood_gaussian,logit_probe,0.9885767750000001,0.016781070346171927
G_cifar10_resnet18_ls,ood_gaussian,energy,0.665532875,0.10137176033578763
G_cifar10_resnet18_ls,ood_gaussian,margin,0.7167833750000001,0.07967934589476228
G_cifar10_resnet18_ls,ood_gaussian,max_softmax,0.70136065,0.09101775800799704
G_cifar10_resnet18_ls,ood_gaussian,neg_entropy,0.7021531000000001,0.0910700466128906
G_cifar10_resnet18_ls,ood_gaussian,argmax_only,0.5,0.16666666666666663
